"1969527638","LlngoMakeEmCum_",[ "#nationaldogday" ],"http://pbs.twimg.com/profile_images/534286217882652672/FNmiQYVO_normal.jpeg",319,112,"en",1472271687519,"769310701580083200",[ "1969574754", "1969295556", "1969284056", "1969612214", "1970067476", "1969797386", "1969430539", "1969840064", "1969698176", "1970005154", "283011644", "1969901029", "1969563175", "1969302314", "1969978662", "1969457936", "1969667533", "1969547821", "1969943478", "1969668032", "283006529", "1969809440", "1969601096", "1969298856", "1969331652", "1969385498", "1969674368", "1969565263", "1970144676", "1969745390", "1969947438", "1969734134", "1969801326", "1969324008", "1969259820", "1969535827", "1970072989", "1969771688", "1969437804", "1969507394", "1969509972", "1969751588", "283012808", "1969302888", "1970224440", "1969603532", "283011244", "1969501046", "1969887518", "1970153138", "1970267527", "1969941955", "1969421654", "1970013110", "1969544905", "1969839590", "1969876500", "1969674625", "1969337952", "1970046536", "1970090934", "1969419133", "1969517215", "1969787869", "1969298065", "1970149771", "1969422638", "1969504268", "1970025554", "1969776001", "1970138611", "1969316186", "1969547558", "1969689272", "283009727", "283015491", "1969526874", "1969662210", "1969536164", "1969320008", "1969893793", "1970158393", "1969365936", "1970194418", "1969942094", "1969631580", "1969704756", "1969920092", "1969712882", "1969791680", "1969408164", "1969754851", "1970205480", "1969840267", "1969443211", "1969706762", "1969692698", "1969751576", "1969486796", "1969286630", "1969686674", "1969833492", "1969294814", "1969472719", "1969685018", "283008559", "283011243", "1969680078", "1969545697", "1969646412", "1969442725", "1969692529" ]
"51878493","_notmichelle",[ "#nationaldogday" ],"http://pbs.twimg.com/profile_images/761977602173046786/4_utEHsD_normal.jpg",275,115,"en",1472270622663,"769309490038439936",[ "60789485", "2420931980", "2899776756", "127410795", "38747286", "1345516880", "236076395", "1242946609", "2567887488", "280777286", "2912446303", "1149916171", "3192577639", "239569380", "229974168", "389097282", "266336410", "1850301204", "2364414805", "812302213", "2318240348", "158634793", "542282350", "569664772", "766573472", "703551325", "168564432", "261054460", "402980453", "562547390", "539630318", "165167145", "22216387", "427568285", "61033129", "213519434", "373092437", "170762012", "273601960", "322108757", "1681816280", "357843027", "737471496", "406541143", "1084122632", "633477616", "537821327", "793079732", "2386380799", "479015607", "783354019", "365171478", "625002575", "2326207404", "1653286842", "1676964216", "2296617326", "1583692190", "1315393903", "377660026", "2235123476", "792779641", "351222527", "444993309", "588396446", "377629159", "469383424", "1726612471", "415230430", "942443390", "360924168", "318593248", "565022085", "319679735", "632508305", "377638254", "1392782078", "584483723", "377703135", "180463340", "564978577", "502517645", "1056960042", "285097108", "410245879", "159121042", "570399371", "502348447", "960927356", "377196638", "478142245", "335043809", "73546116", "11348282", "901302409", "53255593", "515983155", "391774800", "62351523", "724792351", "346296289", "152520627", "559053427", "508019115", "349996133", "378859519", "65120103", "190070557", "339868374", "417355200", "256729771", "16171898", "45266183", "16143507", "165258639" ]
"1393409100","jesseayye",[ "#narcos" ],"http://pbs.twimg.com/profile_images/713282938218029056/KWq2vCq__normal.jpg",120,107,"en",1472804144409,"771622623583186944",[ "86868062", "19697415", "2998836604", "456295047", "749313772414574592", "740059831197937664", "3301858405", "625393716", "1692033912", "3886713794", "2691182035", "4766139451", "130765040", "241822311", "3280637490", "2900125707", "3246405074", "2570219586", "29554553", "327247276", "253680914", "434545375", "8521542", "26257166", "711525468", "385649473", "139979729", "1196437938", "1143153330", "890891", "601324911", "602242927", "506173076", "891566299", "365234647", "1958900412", "57215697", "418950616", "184676037", "440542872", "27913599", "364686180", "450389164", "15492359", "539718882", "2248438657", "1123316882", "892665115", "43403778", "118906389", "269131432", "166367896", "505472864", "1693067623", "75859623", "49804260", "45404377", "1564986109", "415859364", "1102746062", "23976478", "49921037", "1030526820", "275653873", "42419397", "1078419452", "438933907", "130684475", "352145373", "65153448", "184313387", "45112524", "24485503", "19426551", "538630932", "269108959", "76257918", "365431868", "440716184", "126123063", "23561980", "409892162", "567828655", "335548296", "874620770", "365276923", "87105410", "23298808", "557379987", "20346956", "258185832", "166057653", "1059194370", "31299702", "277363312", "25521487", "35145790", "30814382", "962360714", "29155218", "362549978", "303515799", "118925750", "175206444", "524984688", "426962670", "499540353" ]
"232891415","MrBrianLloyd",[ "#gloryoutnow" ],"http://pbs.twimg.com/profile_images/1334406683/image_normal.jpg",492,325,"en",1472269186776,"769308131696467969",[ "361335082", "1405248468", "24626354", "725675895965552640", "4870453512", "20416782", "126016342", "702540647199334402", "229519333", "2189094041", "57795767", "51506271", "372994837", "74580436", "85566766", "1339835893", "3428159532", "2916305152", "19740363", "813286", "1536791610", "3004470701", "83395806", "325956107", "143528416", "9629222", "3214745575", "635028535", "40269601", "2833615159", "17385685", "158043092", "889985060", "368058934", "145499533", "86572714", "93219986", "2964492268", "193725962", "2974077975", "726492570", "327008952", "80957643", "89760824", "127982550", "12992772", "32465040", "83446962", "18327279", "19090892", "22783762", "344754757", "377620558", "2751914086", "1360282855", "2716815312", "2242634083", "77304326", "130602347", "21212823", "24467440", "33618667", "1245158946", "382177545", "89765757", "522376876", "20059181", "2565434893", "59078389", "2301985376", "189709196", "30095364", "16024323", "726454261", "412806234", "1292376426", "70740986", "82455213", "349300271", "457554412", "30447805", "36282042", "18010713", "410089108", "20029472", "38316003", "160941691", "25436781", "2282671736", "47473125", "618216016", "43206962", "1719152509", "102443043", "100520003", "58880458", "202896310", "608777083", "21610243", "1430426018", "15846407", "15014328", "2218014186", "28185875", "24215395", "1623984302", "1673753192", "395131396", "2274111126", "36012585", "83901762", "31442511", "44875761", "292112649", "1523681", "147018110", "1924364738", "1879866391", "1851646975", "1863410082", "1831747249", "441642419", "263907004", "268414482", "897940675", "55880275", "24883323", "19659503", "329292952", "21137035", "784856", "61820217", "43254421", "437044208", "253809805", "107530570", "19912023", "225843347", "56229337", "273726887", "24832957", "248414985", "17188625", "19131131", "1396189904", "125002444", "1346989147", "115633811", "21447363", "22546807", "142410525", "21701757", "16842063", "22195121", "49474851", "27588055", "21362105", "851649703", "802670347", "18173624", "117633852", "636533450", "512700138", "185459619", "184878590", "394980089", "465686020", "19719511", "14518712", "73002653", "48040340", "16152366", "27706753", "537702411", "58463213", "54930650", "157286361", "270085183", "21609417", "449052449", "73883691", "466090566", "36163584", "455122805", "22646558", "544517731", "325860471", "17166765", "52966031", "28207101", "22880677", "20075529", "79293791", "20036640", "64205763", "435065150", "8712672", "383523808", "282268732", "49469890", "454364778", "27270941", "21414413", "36763512", "27183067", "16245840", "20493555", "24260253", "45266183", "321732388", "116710152", "425281557", "352081918", "78144992", "21541287", "242089962", "104958153", "17493206", "382376807", "160994236", "16994440", "125084085", "213099113", "15313351", "19239840", "27808176", "134877333", "34535550", "43909715", "35587260", "15847020", "2405", "24992530", "19251889", "18664100", "314081136", "69672961", "28723372", "300461595", "15319675", "142429281", "21066807", "274105545", "269589988", "59640027", "118907840", "22131810", "26013014", "16873083", "17876372", "144658406", "61123704", "14760423", "22936038", "35084169", "22456172", "19309510", "17727893", "138923108", "20565284", "110301406", "25173095", "26663389", "20926214", "31020446", "20163240", "14632312", "7253632", "89251698", "63172203", "17137146", "72784067", "52212426", "16409683", "195827821", "38115949", "25095283", "20411910", "34394741", "17695820", "172107357", "27071444", "26090319", "130189387", "75677899", "34239746", "22636758", "84964064", "193425956", "19877186", "8936082", "19902330", "29818048", "23897000", "15924218", "19722029", "34666816", "28706024", "23024436", "177315042", "51071113", "74469812", "18396706", "16213043", "20110555", "21439600", "34407053", "22718270", "26852024", "120940349", "221513301", "69684217", "101928856", "21959255", "23896095", "71578452", "169686021", "4532891", "84688287", "16312352", "93028795", "187613519", "28906719", "21164283", "49838341" ]
"710130422907207680","sarahdorat_16",[ "#nationaldogday" ],"http://pbs.twimg.com/profile_images/767180520216207361/Leabm7uR_normal.jpg",128,218,"en",1472271397356,"769309769144283137",[ "1571896093", "768938323612008448", "2548665930", "3325664702", "766819398761918464", "2783142451", "1061281784", "132774626", "1925157330", "736409486949122048", "4222679953", "568825492", "1187647735", "225539878", "26257166", "2973453269", "372891057", "173677727", "763432505974353920", "745695548246720513", "719308390405578752", "498177610", "2830865084", "761350872303403008", "168317678", "423723318", "39689218", "625243514", "19882775", "23375688", "2697311802", "754143246062936064", "339921059", "2428203212", "751469641994608640", "15583378", "733643578212241409", "2200652118", "52803520", "746928595075891200", "746798577804972033", "69493608", "1388233718", "2989186063", "2678072634", "2893511188", "795120134", "742586336440254464", "1469101932", "2383058947", "91408245", "266336410", "2728783961", "737014240679104512", "365723828", "1345393938", "739674895223656452", "3309255770", "3308919444", "70722719", "2303734992", "56783491", "16222584", "116851877", "288309667", "719711516405145604", "631406513", "1865002213", "14477169", "2894418740", "729803283250843648", "829895527", "701905661257322496", "724021043904442369", "713029735", "2743113943", "310687757", "2355715968", "1398549343", "4800605383", "2951495779", "3301031406", "722621504752525312", "722284747704012801", "3841412052", "2732955261", "2736157266", "3293253494", "52304597", "136882480", "256409561", "2149207500", "6427882", "715886426387120129", "2429563153", "3247896397", "714077235515265025", "2388278334", "970547641", "2202209962", "4509136039", "2646196464", "1532560928", "3318421750", "1881426085", "1209309782", "3148528086", "3247035289", "3074544806", "4095428353", "2713559023", "4403435833", "2674879424", "3315183996", "2393574722", "210292704", "338170469", "1591914252", "2738979086", "18336787", "447663803", "1226284524", "1669339272", "2678085943", "379435684", "212944975", "39338684", "2796033198", "3235608158", "1255871706", "542132128", "2563589204", "2256779768", "3023159948", "3317891498", "2751470203", "629951212", "618141641", "24382752", "2216043499", "3161849322", "2922013098", "2938876662", "2670949950", "969308522", "4640682086", "3277638632", "2436254923", "1186582741", "131948686", "1110475561", "1075624326", "599767159", "2790649890", "20545055", "1290082680", "430744802", "189283341", "56906052", "1917405294", "264498030", "58233603", "492399548", "3013876687", "2795467929", "520666316", "1173376075", "2302461961", "4686346466", "2896215918", "3033254382", "252709160", "2575373149", "2839339862", "169740780", "1279474962", "2493261954", "3408700152", "281766200", "2775384685", "3104049696", "2949955505", "2991929635", "2290317073", "3102253338", "4763922181", "2595627534", "2338874178", "2161917885", "3005972173", "1152468416", "2861848531", "2983540934", "218341760", "2243373967", "2506247772", "458549711", "510682980", "958699842", "3307542247", "4842916879", "3139639189", "3161748235", "1480982389", "3140873467", "3122455436", "3271176048", "27260086", "2249618060", "3245431560", "3142567944", "2975044567", "539199603", "2429607175", "329483690", "1618741610", "3158285184", "3403533105", "1651160556" ]
"3649469655","wanderIustregui",[ "#veranomtv2016" ],"http://pbs.twimg.com/profile_images/762400806926688257/2Y01e6IX_normal.jpg",479,131,"en",1472736978337,"771340902308671488",[ "2401096388", "707864762", "4096348512", "763855859931897857", "86980320", "767519869780668416", "3221758014", "1104237374", "588933843", "554853175", "2259650617", "4754523444", "4504442893", "4504494433", "2747904830", "2803048793", "2213559181", "764652541875326976", "2717254872", "3246851216", "3267440372", "722778491133898754", "274749407", "3246469349", "761285375792852995", "4322212577", "2212945357", "322539565", "1962578750", "1039596038", "1862629969", "152851563", "315094513", "720408187682164736", "3435533413", "35031708", "573386561", "894552380", "305694283", "388974994", "321970500", "3278809183", "758083829726785536", "541856830", "756503993313062912", "24859104", "548765353", "3287947815", "3003186105", "23344923", "4460058406", "63822383", "48991949", "1934965290", "344779704", "3295965709", "2329616279", "2150327072", "977330473", "2999855967", "124949619", "705259978991362048", "3318820631", "173210133", "372123733", "3230317663", "2540538534", "611831711", "1611635503", "580584352", "2566083968", "533333934", "46116615", "1591752608", "27711339", "714185078839054337", "1199666076", "1695439886", "2896294831", "2315775968", "955721514", "1250318246", "259464025", "2198716436", "26090319", "3049649680", "4487451321", "176566242", "4096255874", "1536077150", "35985504", "2295511306", "2907536174", "885911118", "16712746", "221412285", "1009105268", "44388979", "45709328", "1912839878", "34507480", "233183631", "30495613", "1618225981", "1132234663", "3023562207", "449535976", "2485507270", "902792750", "863186304", "1032487710", "20355988", "2300232479", "2657661039", "3053338062", "27776098", "259435698", "209003577", "739784130", "363972381", "872374136", "114354410", "443529647", "363640677", "2261335995", "1965249408", "21656811", "3327382803", "159225370", "719988622", "255388236" ]
"99769502","andhesonit",[ "felipe massa" ],"http://pbs.twimg.com/profile_images/2750403044/615e39ce2e4cb17f287ff7ae760aca3a_normal.jpeg",1875,111,"en",1472732443867,"771321872936042496",[ "16874201", "223345936", "46893921", "130408348", "30345691", "392391307", "713030233054511105", "27513068", "322593796", "7291092", "36339032", "245970800", "21044208", "262358729", "1463897822", "68674747", "125832497", "51146761", "259499671", "3003703089", "1724322559", "122481376", "169663507", "48804817", "609287853", "337961957", "22924424", "2432671776", "221056089", "230844641", "21046818", "39666777", "16516063", "1323105444", "256631098", "20312867", "1261069340", "1161190970", "260295434", "542838911", "29608600", "75446868", "276763380", "226045849", "252277635", "328499550", "116983337", "156606331", "20600235", "18156714", "37014098", "188760232", "59621828", "26106310", "36489352", "24593014", "313925523", "405217932", "21914073", "27866299", "99941246", "16829509", "28247294", "271972038", "26329963", "279792997", "83852999", "264348057", "36783122", "30969644", "244690266", "55353207", "23714692", "63635257", "110871885", "74461072", "54987639", "35513953", "28472955", "20049315", "158762646", "95059819", "21302878", "118921833", "120198145", "119059444", "106146884", "79035632", "22170001", "113195690", "44029470", "38430803", "51139120", "28708683", "106514318", "37050345", "21677706", "55990504", "35836665", "28985803", "36722746", "35117415", "90743050", "53237342", "27476898", "34394666", "38290589", "43561467", "30091081", "33136414", "25363608" ]
"413415713","Jas_Thxku",[ "#narcos" ],"http://pbs.twimg.com/profile_images/763725799132364800/1tviRMOS_normal.jpg",582,281,"en",1472806604198,"771632931903197184",[ "2353374818", "761568335138058240", "2395907958", "1147655490", "3032693055", "1628958787", "166618489", "2717741989", "315977137", "835462645", "1553867388", "1400515844", "549372851", "2578478492", "495391959", "19559692", "722106188784091138", "738058296515383296", "1679393064", "285124348", "3569244683", "313471901", "131102007", "3345886792", "510385617", "4729839383", "117247888", "3949022855", "449242144", "979048344", "2751068705", "4846221891", "1090299067", "462312323", "582050516", "4888623123", "3356001382", "70359035", "62559156", "2797734201", "462254422", "238660372", "324502132", "428483405", "1681057874", "414963445", "76131466", "158487331", "614530538", "539506506", "315417642", "3559432221", "2278183554", "585831245", "834316544", "271594510", "252081910", "2312141016", "341327887", "880685791", "442078682", "3361345252", "1165949850", "145048129", "1648162202", "318056870", "833102023", "101911036", "158169267", "3419118826", "255757438", "3310811608", "203527816", "3401223953", "191985864", "866224748", "2761330576", "2585037580", "906075368", "2791078162", "2226035878", "460459555", "3191771572", "1237455871", "229943328", "2844207813", "2243102873", "3109306173", "856262762", "2816040203", "2418155554", "253291809", "3119142045", "2983029154", "2389177594", "3077383377", "23699191", "129789846", "387802342", "570881734", "764841038", "287203542", "2759422283", "361576552", "434404143", "2632611195", "1565738102", "311160519", "110482310", "716691475", "1610646036", "323985368", "1876310449", "2156462722", "1958781361", "553072976", "440212547", "788917189", "2149443722", "369101157", "413778284", "2565702054", "350838751", "1240034958", "432394476", "394825259", "902402378", "33162676", "399432418", "431922462", "724297069", "2470113280", "2573653005", "132170363", "68391251", "352480002", "1011743996", "92264368", "2272378339", "2432518075", "362161714", "531490326", "301558496", "1212746864", "223186542", "414051057", "371416597", "382799623", "2316464970", "21670011", "369044224", "216830132", "46407967", "401292886", "883027152", "2304425109", "423517834", "587743957", "2254217237", "1436130847", "2244025468", "1323049028", "2187375926", "1917075506", "1514080422", "1292362992", "234347094", "312857683", "1425926070", "499056349", "286667557", "1722066102", "602131309", "1707855049", "228709487", "454989902", "77501108", "535552849", "307827749", "929341266", "703751091", "454333342", "420638267", "1689057055", "422187733", "31741041", "310862349", "592770862", "382925517", "760477441", "1268068531", "386146513", "1435532353", "45139327", "389040114", "930403435", "1643705694", "320518266", "1055041962", "601126446", "363773627", "39309112", "892020380", "575583892", "403331224", "366491689", "551595766", "308352844", "302861425", "550046066", "238914993", "713993413", "265902729", "602109172", "515980805", "322850945", "835328618", "95023423", "1164671695", "412443653", "221112870", "413234784", "1107238760", "606606812", "196670820", "348042409", "923438533", "555928038", "573491754", "143512281", "85284317", "386153894", "421936199", "291842293", "407021317", "287263617", "1009477230", "400511159", "436095780", "60912576", "488319792", "506161598", "812924720", "560657057", "974887220", "966522306", "212645112", "343627165", "320215579", "241737022", "74723996", "254588661", "182476871", "627491854", "19512351", "273110147", "238766419", "627754645", "471287735", "358703422", "586868478", "458470198", "216833362", "258026555", "483951353", "426759300", "489328361", "483377865", "464107656", "402354577", "168773874", "91454381", "108568373", "87313841", "22910295", "291818252", "334240650", "241953835", "87225966", "359670651", "155659213" ]
"518053777","KLitzau",[ "#nationaldogday" ],"http://pbs.twimg.com/profile_images/760911238494846976/C08oN_9c_normal.jpg",688,186,"en",1472267235476,"769306212894638080",[ "2432417994", "752203567382093824", "742160377916456960", "30602016", "599698142", "2193119359", "446660796", "870687710", "22940219", "450775781", "476199422", "1022241787", "366170066", "634850322", "496456846", "1520006918", "2560095402", "607588950", "478280136", "818478128", "604666261", "440288499", "3411504886", "3976294938", "353457931", "1007776741", "401681146", "49165920", "1102902079", "1539926803", "543833509", "444219685", "175919544", "98479849", "605677953", "1877894348", "3902287877", "913388276", "719104532", "563285070", "1958062008", "2318186466", "1062976843", "347717020", "554027434", "402470903", "347683075", "883648225", "880825531", "3068178406", "1419277279", "1938585510", "1047199152", "919185966", "605931082", "311630234", "941837964", "337511415", "1468548564", "424724685", "1695485828", "623239693", "483375875", "311866190", "1362799604", "318425177", "40116723", "76170741", "1641156151", "259574089", "300590591", "2696853128", "1972349340", "1465153273", "414358262", "1602469909", "903048108", "306530599", "2179270668", "52847728", "616427510", "31468057", "544495417", "391495622", "2270603072", "293662479", "1504440932", "1969408302", "935800093", "321453895", "184633589", "313475995", "382210821", "369246833", "368690792", "405313818", "513675928", "480817219", "489700093", "606749900", "508156187", "727601930", "814252518", "312205219", "911320404", "733077764", "626953177", "558182191", "346721250", "538186935", "1018422691", "1198818684", "454958628", "2155588218", "454922337", "536539481", "924450769", "369789492", "58531371", "1523546118", "301705656", "1126894147", "829712827", "898794674", "493525828", "382212823", "909017766", "756460878", "346887646", "313531769", "1056817926", "341180988", "470716884", "310651223", "437038323", "621280732", "617751289", "464154864", "733744028", "746568548", "799855772", "566928774", "798269040", "572518998", "513800674", "444243780", "359672152", "564963836", "444908019", "575692281", "564148808", "597696711", "599819415", "500355577", "575725766", "531300997", "566702145", "601673424", "391148656", "443828250", "553348056", "543962026", "309137793", "497603445", "311868390", "509718858", "553255963", "305293664", "538150213", "551452376", "40125639", "272721900", "453613677", "502257896", "483514457", "321833423", "544260344", "493736995", "448058336", "462558177", "66889540", "429574593", "428006891", "129687143", "407783786", "66492831" ]
"3167964531","ThePettyHomo",[ "#nationaldogday" ],"http://pbs.twimg.com/profile_images/716385730776473601/EJ7V__L7_normal.jpg",204,226,"en",1472268664496,"769307613825798145",[ "386533263", "3306591866", "3270679956", "739148812799901697", "2975336081", "1031057814", "759292309288747008", "764351812421820416", "733289591294173184", "934476594", "2679785568", "152427341", "4765218085", "2227434470", "2706092024", "765898497891659776", "1345441350", "2358192470", "2892488757", "3305610429", "1852468322", "389781943", "4908524388", "2720430461", "1605269473", "763189067462737920", "788190133", "4661823498", "4442194827", "721470494", "166998134", "2962811674", "2263423585", "115984753", "2887813801", "3382170526", "500404963", "4422537433", "3197050015", "2446471032", "4777695253", "723333485243584512", "1035238008", "3038193922", "3398688852", "754341757719044096", "752688484196818944", "2495295968", "603904141", "2673329499", "3106128695", "3377968685", "2493459140", "717185624500019200", "1938714836", "4886752846", "2598519950", "1375513729", "380374489", "1850193319", "170781379", "1518628134", "3289394356", "4329681013", "2504634671", "1565152789", "1511924006", "3854370733", "2904382281", "4377115756", "1392572220", "743275779388284928", "2791836160", "1365712566", "2448160603", "3904996637", "740357799461392385", "2787169003", "924860791", "1155392994", "3188870142", "2712769194", "3282934088", "430342127", "4676996563", "2506152528", "2307049728", "2255940866", "2648957408", "3485480355", "152482711", "2695004638", "1403998351", "3235257192", "946741771", "1216308582", "714276037148839936", "97066818", "2479141796", "4651025837", "2560286514", "1638831656", "2644114758", "270178676", "176104661", "612815048", "1349613157", "432113018", "3222030651", "39364684", "3580829953", "2497430473", "2899431562", "4588417273", "3298521111", "2923309945", "2734841519", "743915133861302273", "737301661560000512", "3863816961", "3576455907", "3171509967", "3011649134", "708448701669318657", "2440267872", "2380916207", "2910416114", "708657533", "748148780264914945", "4214081475", "755950972573212673", "4202081958", "4677349752", "755641251689533442", "3418899859", "1938386803", "1647497576", "4893921911", "1928891790", "3233179544", "701604152107925506", "2779817324", "2361514262", "973001311", "4822949825", "433040425", "1927035114", "21183038", "2842954795", "3191814285", "2394826807", "489315957", "2508789076", "2962512492", "4627224286", "1916105407", "1888502244", "743164118371282944", "750390704904495108", "3239328840", "1052717154", "613756987", "3040916878", "2946125306", "3289351281", "2590422757", "3151644643", "2330369940", "3391476735", "2250417572", "3135167935", "3009626509", "2674192313", "2254120520", "2253596156", "2730533426", "1912197320", "4364009892", "175833646", "390396654", "3035285161", "173233917", "717757248987115521", "2648591515", "713820656920629248", "4582612461", "549232772", "169498364", "4732152442", "2723040166", "315833613", "542187379", "1445382414", "3374331322", "300946000", "2995211071", "3132477951", "3316335738", "734871552", "61610553", "4469984592", "3874796489", "1721007884", "1220387862", "3388614791", "2205659547", "378610403", "3923968048", "2884917183", "2533383553", "3318354994", "65268005", "1187647735", "776656525", "1931516048", "2489395303", "1467371510", "519845286", "817939950", "1559340594", "1942819082" ]
"634516322","darkgreyxv",[ "#getwellsoonjackson" ],"http://pbs.twimg.com/profile_images/726362011416682496/8KVLi_0v_normal.jpg",859,193,"en",1472736083010,"771335763220848640",[ "3072390181", "219478863", "573299587", "2819285568", "3229347152", "733984257261985793", "4784436920", "611357900", "714962441315028993", "1700723797", "3245743231", "4333023794", "3857662454", "3733112598", "3613351940", "464576489", "2592861295", "2665643227", "127741558", "296214191", "2266023237", "2507760283", "2909055234", "332681437", "2288103932", "797896550", "321324062", "1916339185", "1916223224", "2905691208", "1556467470", "544627462", "393362352", "2599063723", "2884840825", "2838901412", "2787513866", "2422061551", "577613464", "2840892650", "492195114", "2797720826", "2613385561", "830705222", "2779649852", "313742623", "574993379", "719808780", "2598926720", "2483374879", "2611364754", "821505444", "1032255800", "243982134", "2148783354", "403265727", "542176276", "148232834", "1188723902", "800260392", "159407433", "1263241062", "1054183908", "67887861", "599917586", "1208963965", "2490878521", "1827750854", "595349040", "2416907989", "1059916128", "1174301024", "327699537", "271863947", "562821899", "1424370192", "1916175740", "607095591", "1646889974", "1613141112", "1647390198", "2446391298", "55794349", "173827507", "2438555546", "837897031", "1285056733", "2248082221", "116686336", "2414085710", "2420441672", "308450538", "2425429632", "873302221", "1318466382", "386463875", "2274098612", "1663797559", "1712757920", "308333966", "108192974", "160443031", "1404288336", "504246395", "1904406014", "854603510", "283395658", "403329437", "503912488", "533762167", "178207336", "161156593", "903935426", "1127165676", "424824767", "609132191", "126614295", "812193254", "51044116", "913656098", "754509452", "390742638", "957371856", "112375788", "1212080270", "144041905", "1070326867", "1540135632", "1448429335", "731131087", "79344873", "804360006", "1290930278", "1642803158", "604186205", "273899387", "280307446", "955294952", "283842502", "281999583", "295578180", "296042592", "390041606", "267195380", "539970049", "251017505", "192857711", "231319630", "443506559", "287134779", "598213116", "186387468", "616759399", "1431973681", "1377442910", "1253692968", "1393861376", "375511025", "630866812", "567093069", "296652649", "554186744", "371695176", "198786464", "543432131", "341195522", "526209172", "636838022", "70307120", "288133879", "133207701", "45128112", "332186024", "471131652", "211134278", "595373590", "424979985", "135358659", "275415306", "16702717", "565558683", "312018593", "810900252", "444100355", "359766393", "582038028", "297775991", "125008562", "469208126", "630214131", "495573196", "381954187", "386899189" ]
"3157134163","michellemichmic",[ "#justinssextapeleakedparty" ],"http://pbs.twimg.com/profile_images/753994744154382336/GUDkGcsi_normal.jpg",138,110,"en",1472384882610,"769856892327776256",[ "2395608518", "728499911000391680", "706770120", "2178794346", "2847258711", "590726543", "1659312505", "59325073", "287333780", "33715583", "362873183", "2936637238", "4408450153", "257639463", "25684856", "1563219583", "291547392", "439165626", "567473037", "3399224657", "613455312", "3437565839", "221412285", "3142460840", "25460615", "910874659", "405728790", "879574892", "810218616", "3162735354", "3248114544", "706426161979478016", "2909269714", "1625407363", "444523072", "398750229", "502704528", "465404120", "1731644155", "3729500476", "2295511306", "21075246", "321970500", "474576874", "2348109656", "57716608", "340035311", "196853360", "431269275", "355049919", "38909773", "4622560374", "285921548", "621643185", "2489534652", "736216069", "577920014", "3536695632", "3028739900", "216430965", "37972440", "940645423", "1372084597", "306727122", "1108861566", "989215531", "2354128850", "3065068562", "379112503", "154039740", "27376525", "2593414746", "1218219020", "1336632518", "2935274304", "379408088", "333175605", "606856466", "954427716", "3020134978", "39538010", "299533577", "537226808", "92706361", "335743616", "1427850704", "2770059900", "332788870", "751612428", "84279963", "537315621", "66339576", "944001884", "407261533", "237634998", "321445166", "139399835", "416983726", "434631240", "406842317", "158314798", "105119490", "181561712", "322034722", "241848434", "752712500", "312757794", "2267235144", "283983962", "3041311088" ]
"1852404296","FreeFX2",[ "galaxy note 7" ],"http://pbs.twimg.com/profile_images/378800000440009069/55564abf4dc7feb814a69cf5771a9f32_normal.jpeg",193,169,"en",1472807564803,"771636969935810561",[ "17082836", "1720546368", "2332754869", "767706500", "491122830", "2193797588", "916314936", "66714703", "589202956", "973952276", "343394529", "140051054", "203762854", "389844358", "202500570", "258607654", "318145787", "1124743038", "2229073296", "408327184", "308396147", "986147772", "717719162", "2210059279", "1878888602", "961994822", "230084819", "1220746218", "383049911", "1062204858", "100185457", "313778966", "538932890", "294659109", "828240894", "456371023", "963776988", "619708525", "1538757056", "1376182591", "197737157", "232180841", "491816104", "492975697", "232024450", "148988114", "331039902", "635354325", "77432351", "1328734837", "457944154", "519211628", "1964358625", "442967132", "329498720", "445775612", "35002876", "110246829", "23027237", "79004889", "19777078", "157981564", "1652541", "378961137", "14980721", "614166112", "104706024", "20179628", "120176950", "65127277", "529247064", "21323268", "26538229", "5988062", "48315041", "14886375", "196994616", "17675072", "198618575", "24150634", "418540325", "83466368", "46804450", "348345136", "143477156", "30857540", "48001143", "20268270", "28145010", "45075232", "71567590", "19574905", "16831557", "18938646", "36861426", "385526290", "399958787", "807095", "15072071", "70025109", "338875694", "49510088", "58754203", "19926609", "18949452", "369643099", "4898091", "624413", "20402945", "426722004", "27707080", "136386053", "312915517", "859659930", "1307471113", "161129195", "48041449", "499675390", "1534167900", "28366310", "23557976", "22973017", "57268394", "23116875", "316485110", "327484803", "110793585", "87059808", "465580387", "112696718", "311082825", "273815375", "64345606", "115848008", "95384897", "238336579", "24891799", "104667619", "22973153", "523594195", "16421962", "36499730", "33662065", "116620948", "425710200", "17766107", "37606449", "23014254", "42982283", "22973525", "26711583", "823020805", "32897012", "23859421", "17808154", "17729373", "19399038", "73951647", "22446445", "81083473", "54227657", "20243744", "21910141", "104151117", "27652717", "18571616", "23116322", "39879120", "23074277" ]
"320733081","RichLantos",[ "#nationaldogday" ],"http://pbs.twimg.com/profile_images/600847754802245632/ASNmpVBS_normal.jpg",243,122,"en",1472269999743,"769308844484882435",[ "634734888", "3008389393", "831143600", "15202116", "220872201", "486705371", "29900367", "56778254", "970207298", "30699754", "2279530514", "7212562", "2941029980", "385030575", "18091706", "330723611", "3197098629", "193090598", "46656944", "18569680", "547821740", "16074538", "393725952", "15179903", "1410865932", "25522902", "2174635158", "1536791610", "96364194", "362986008", "368645388", "36124875", "479023101", "1947463393", "360844323", "65192990", "20949307", "1203840834", "55457715", "2499179546", "2772002258", "292538935", "206405507", "148731167", "1180302553", "480860749", "331242698", "763730281", "160926575", "1621286683", "535542524", "2226946999", "2340969709", "587869298", "2388050059", "386691397", "264612026", "259956722", "17504473", "1536310818", "325060378", "335322414", "1024416332", "823959385", "630330419", "74740348", "602124263", "249366860", "358669618", "2178259417", "1360994545", "1349245519", "51727658", "411776208", "475508147", "945901777", "1513168950", "63490206", "1090276722", "39315400", "1308798246", "1205216802", "620403348", "56482796", "416517635", "35879259", "104946695", "2209938241", "2209912202", "129980327", "887591600", "525488850", "380397059", "551371816", "376197031", "140999887", "257051990", "126205212", "39665598", "407057730", "212077145", "19911731", "57445396", "317891903", "53406640", "576300024", "189131862", "391037100", "219743678", "19765034", "233977863", "168687076", "6144052", "105158040", "15039806", "960891", "914061", "196611170", "50794275", "76982370", "43159584", "149577445" ]
"611525786","lonesomestereo",[ "#backtohogwarts" ],"http://pbs.twimg.com/profile_images/743591543265603584/v0C-f8cI_normal.jpg",384,277,"en",1472736000845,"771336794872745984",[ "30892730", "2699103476", "2398551414", "2807969872", "319556943", "4425171023", "1298532571", "2865928112", "1544387473", "2864704144", "761902157633245184", "73283784", "36746176", "2944796380", "318978566", "3314500832", "3270594991", "353831932", "4876147934", "3307805322", "745305851888472064", "27090142", "211858494", "1240975470", "2376444547", "20720530", "3918539980", "2742010921", "59325073", "193229946", "2897642214", "729489025908809729", "160618025", "385679913", "281770849", "3619719202", "2975023707", "302727349", "384033568", "2382825588", "762746718", "1154920291", "283335371", "397347661", "2857685164", "313260701", "2868795610", "198337759", "1612067526", "1260820322", "2854458156", "702567992849276928", "2878166306", "4637513300", "116358301", "337502808", "753710371", "1380665401", "14342018", "2338658462", "611959284", "255357928", "2875641152", "412948496", "533020518", "3606495376", "2411910476", "776878206", "2833142350", "98999304", "3009479784", "14586850", "15645639", "14599470", "10228272", "18863815", "3518124916", "24668720", "58545637", "237363073", "16686105", "730279496859803649", "1112875862", "2412245592", "700594531595497472", "18055737", "57022698", "245130516", "601944462", "2286161232", "136956091", "3339683391", "3293043876", "1526236064", "16712746", "221412285", "361945282", "21360280", "111946118", "81730445", "46475424", "2209592418", "25797328", "3474606374", "2351688013", "29330577", "198830228", "23464695", "166739404", "612662672", "22548403", "62513246", "3073602988", "704803105091805184", "26466927", "25712608", "808110427", "455212791", "1053630288", "284306563", "75390211", "25396156", "330889216", "30561781", "315577705", "2360598151", "2524524565", "2780908210", "3182957219", "18967583", "3239178462", "3832929914", "110473412", "1355479052", "499981330", "321970500", "326692283", "2686254859", "121213242", "3236206622", "2337707178", "66339576", "19927627", "214318628", "17224274", "1550453514", "18734884", "1525689241", "52508798", "1888886130", "18378446", "122482029", "176566242", "158314798", "105119490", "14172201", "15898172", "11178902", "26250653", "2925566499", "487003264", "2998964276", "3139202977", "2895795184", "216998174", "171337448", "3015861789", "341568470", "1062001214", "1234165495", "1875864168", "1144318100", "264107729", "493249666", "495074577", "126370504", "618336955", "194209267", "439125710", "403255314", "403246803", "403245020", "2692036280", "312230865", "2408734153", "86267272", "555861676", "180505807", "1371724585", "325561675", "635347619", "2477746243", "589904409", "1085579365", "2421304861", "2448794954", "2431955654", "555965922", "1557424537", "547291593", "345128556", "1545130220", "1061927125", "1430439584", "1277543276", "785863304", "1943984270", "524399221", "337869197", "256651777", "1338758629", "1280009484", "173872327", "616943706", "947605274", "485569468", "1416940280", "136956964", "1429995961", "494798252", "236738600", "102178135", "577698430", "1298227422", "1515935262", "314976706", "60493916", "1559686322", "86023178", "773330382", "812087011", "486882666", "828742454", "1180854672", "16702542", "512987782", "598427748", "589940274", "421635954", "1717621448", "186699738", "227596816", "401954322", "193652375", "456766268", "955209811", "428783451", "383608845", "537103571", "270790295", "1565062466", "624326166", "79368271", "304867660", "824235889", "149046473", "197224205", "362405549", "73221831", "311621453", "335327783", "798234950", "597265736", "406009511", "56091281", "586562328", "269591770", "219807531", "763258670", "84224661", "326426195", "94991002", "59946695", "1016426611", "626155224", "548151617", "603333797" ]
"451819350","topnotchcvlt",[ "#backtohogwarts" ],"http://pbs.twimg.com/profile_images/748012065856585730/mB3YFnUa_normal.jpg",1046,1059,"en",1472735921902,"771336450231111680",[ "2835941210", "740277840281804800", "25093154", "185807085", "2783483294", "1344775081", "2960723902", "700838827603181568", "421539754", "80204117", "765469251050336256", "395515233", "2795563873", "761381506807914496", "159225370", "2860688877", "3423472289", "613405493", "2898040092", "2772579465", "62224174", "45822741", "82499134", "71804710", "57913049", "612724448", "757762637211983872", "103289671", "49145824", "24093903", "4874381957", "39489604", "468586480", "1046544086", "48244546", "1658544842", "181649556", "754021672764702720", "21734663", "259348680", "509314793", "582102767", "583230072", "747984359618191360", "4899458719", "302819289", "1650246133", "3366384125", "865718652", "321204611", "157265270", "2746954834", "3091669092", "3287001110", "739401804232970240", "1051807116", "4660964488", "623087883", "548888264", "4766534293", "1661014825", "738023992313798656", "1674131125", "19459658", "265775661", "737018880619597825", "350267180", "4799805917", "1328652998", "736521904190672896", "1421413590", "989310140", "98859833", "3096993909", "3949459647", "2855522056", "2670377789", "711324515851067392", "311053323", "1009455703", "2703308839", "166901230", "4860520546", "22443515", "99067239", "158632178", "3307098846", "113521173", "388454092", "983473723", "1961426965", "716067421082238977", "286726220", "29595652", "717488710418178048", "2894214618", "31260207", "18341532", "4851805402", "3416860225", "2502583249", "349519690", "613355672", "954855613", "3215206049", "14720577", "2869158666", "743342216", "2159765580", "1081897885", "1662190268", "1549562070", "710076010268651521", "2856171520", "337553808", "578952449", "4851574870", "740086219", "17879081", "4031362412", "1654802472", "622449932", "1020284113", "14230524", "2377236959", "456098892", "3094484804", "3249447044", "554510636", "1021357034", "78951399", "370164425", "2974974455", "334413265", "2359476565", "3004243629", "4890450116", "513506334", "42479998", "2786238307", "3054909017", "3318242365", "2599920386", "3184848611", "3396969254", "1555538888", "265797894", "4827536026", "26711120", "25649727", "1651130071", "3237343437", "15020865", "124949619", "412589880", "2940050716", "4748110223", "4735305622", "3342257457", "159554106", "3196283356", "18996905", "338398950", "4700634535", "459269265", "16711026", "3400900126", "3569961921", "200172795", "906546492", "335501805", "4605567447", "528701509", "508204682", "3432695019", "44039298", "183755091", "2757208227", "4474403723", "27236902", "505941026", "2498291236", "4378490656", "4323755663", "2863205660", "59160140", "16828260", "3105846038", "4326208754", "447579978", "3088656868", "2526159450", "3313057873", "61598493", "180530310", "2810377987", "182490532", "1729140642", "870657758", "804121933", "247466604", "2968235567", "578234402", "997676514", "22217003", "4093958075", "4050073048", "2736012376", "3269995514", "2377448797", "2958169015", "2885370629", "3138288102", "59325073", "55475771", "418310600", "1578435877", "1544115679", "205084146", "2956355988", "1649626285", "251247233", "216776631", "2457637453", "743590315", "45709328", "3638711237", "1676976350", "3589657942", "3359831080", "3061973942", "106343355", "18922329", "54649393", "894522547", "3590012654", "571144366", "3282067136", "309859494", "2837878463", "102555868", "343837294", "351178406", "2567644009", "20999287", "20340648", "19727381", "419372408", "2516408534", "115975625", "1442406835", "20732623", "2316820954", "66482690", "33712490", "275749236", "1493243948", "3404735531", "1470829753", "16002085", "2475698328", "3425251013", "232347878", "230783188", "702013483", "20359867", "278239907", "465185415", "1119919206", "11866582", "161518250", "3053338062", "625910240", "499113885", "23499234", "3062607846", "830115948", "442214617", "2913362619", "2777619765", "2872516221", "484244004", "483695616", "907280443", "2327359038", "2876121478", "2309350410", "3026855956", "3060575681", "3321243334", "48125576", "9989862", "603047147", "2217029947", "448476934", "1107874188", "3303293865", "3153955956", "3297118037", "18522556", "2903139810", "3089941363", "2543658249", "3293112759", "385241504", "150041309", "1683488610", "2699543218", "3249527913", "26848197", "1321575158", "40893243", "396270286", "416515799", "2961190655", "967204320", "3110440516", "65096269", "2727418971", "2686628156", "507163647", "271894317", "30512764", "122766368", "34428380", "21344838", "590444343", "2889775331", "580389337", "2874708593", "29769338", "21239717", "2896636071", "1300867440", "350868903", "2440714169", "1260933943", "582130013", "2836929625", "1961418476", "87144497", "100107343", "279763006", "223238888", "325692980", "1043410754", "2407891057", "91400830", "2244586513", "1694806718", "2986391099", "1659312505", "983286193", "2994998822", "280532482", "40981798", "16264006", "43003845", "89003506", "20611853", "17201277", "2942421310", "2974265620", "46022776", "186262839", "160685341", "6581292", "1508007607", "2929150651", "1333840676", "186089612", "58970252", "718631221", "2243711464", "313005952", "2598306882", "1083314617", "25460615", "371949863", "26269125", "2867898671", "2856002404", "1542326774", "1476148412", "2876079224", "2601832182", "184646125", "2799362962", "1568151462", "375293178", "2556299008", "2801063553", "305175578", "342713863", "553997839", "2801000164", "2535331199", "2780695025", "627819910", "296434329", "2724827694", "145291640", "2788949826", "2784922568", "2758452041", "2758359112", "2758426041", "2758473634", "411695133", "472348790", "416013305", "67995848", "233345816", "65926816", "197776439", "2727469402", "290734440", "140176230", "45400037", "16212952", "221412285", "248740896", "99849527", "2724696712", "2725742831", "221620456", "2723784436", "40915216", "441285746", "179749895", "179738374", "545614440", "976664580", "2663890004", "29925364", "259507848", "128145485", "1898989952", "255285861", "2562572191", "391155242", "1289590094", "16712746", "2285774779", "179756181", "2569259058", "2513587546", "80933151", "61592079", "18055737", "17170147", "1469310948", "989621617", "514530999", "171906520", "179745270", "2361737857", "1280971555", "17503591", "132533271", "1395433458", "22548403", "62513246", "631274514", "1232608566", "2320823814", "2422636526", "265699905", "747820285", "1512164221", "2432518312", "616890055", "607906344", "458935220", "969044694", "1890381620", "1210944631", "2355647476", "295407527", "51511756", "16213013", "2357317304", "355312162", "2349315384", "2195391553", "1051158835", "145471010", "381280491", "2324197903", "24938727", "430017364", "66618379", "1074544400", "335043806", "833090028", "707913", "1016529625", "2306902656", "606914698", "628318484", "2295370040", "1222614212", "27970832", "150102668", "44524967", "103353791", "99853845", "44531903", "52632050", "158636353", "44521096", "78165672", "705989804", "991765308", "473129399", "979396550", "610449665", "512545302", "316674889", "353852840", "2243518271", "1316271104", "399737796", "137817776", "30054263", "706306135", "877763024", "355307031", "100055318", "108035709", "105134269", "44312605", "713830468", "1613042456", "1871611974", "604887690", "1963061334", "986891418", "302059794", "885349592", "549907611", "467821938", "21349535", "214266199", "490820670", "2148129236", "627854344", "532972365", "22596730", "29300489", "1447563061", "898856690", "1905657360", "19634408", "19634878", "1868269280", "300645154", "559188366", "1579233968", "854128320", "465807559", "217214540", "1289943822", "199438255", "1625039198", "273020296", "568692776", "1377915955", "394386428", "160617985", "1700386950", "1592794026", "842428226", "1620708942", "1305626234", "1687709840", "21526685", "887331762", "21295636", "122482029", "18734884", "1682223530", "169762220", "711621542", "1343241151", "1317764304", "81440696", "1661466216", "167280705", "947326854", "1414011338", "462262293", "973081320", "47903663", "851821111", "608787194", "1626797623", "796774440", "1096692121", "567912933", "219729554", "498439424", "1517204402", "62651027", "629858275", "211665762", "1579278582", "1567057116", "158836784", "1500372056", "580320695", "583191096", "1099728709", "1220426676", "1075338558", "1561983973", "1568560358", "158314798", "756461894", "24620191", "476402139", "587899445", "1549561729", "48045825", "160572579", "80127987", "551481663", "48564411", "1439681695", "1477591754", "1380665401", "460089646", "1421147714", "1517344591", "604300001", "364347158", "524639853", "372700858", "1472415330", "1467689233", "85760312", "88340317", "598729687", "1016170116", "94625964", "490096527", "612908212", "843009872", "112446377", "561997632", "429512693", "42721285", "500063977", "1321705472", "1312352863", "19057476", "34776146", "955365558", "563484425", "992438996", "215796669", "1323661050", "464144993", "629470490", "574756874", "1054155590", "461533559", "17918492", "249379816", "1064151050", "63409075", "209939222", "204562029", "179902287", "461506377", "20765712", "142246372", "1104318912", "1284017684", "19057801", "442187097", "1018759614", "429480349", "362757949", "878457962", "857294244", "1046747192", "1288723057", "771855548", "145767045", "901118900", "1047309878", "379326709", "19548757", "351354242", "542439936", "19632035", "564961382", "110365072", "1260712964", "814274114", "902953574", "215036617", "450767798", "1075546580", "1236304454", "926242050", "1046377058", "371837633", "827412475", "1246724390", "1239115500", "552772248", "1235494214", "809902184", "466093136", "1223423294", "950947826", "268837493", "768616164", "501325883", "28706024", "189842993", "216830711", "189735911", "166739404", "231382570", "197198798", "1174932763", "19630241", "277823541", "950699982", "120513277", "101098500", "902640230", "170090280", "942777146", "945416719", "329676723", "1142531371", "1122545354", "921672426", "1104585181", "17133362", "1104008724", "343130211", "370370798", "546086531", "1124011951", "1006597622", "37853587", "426951343", "1113776826", "1110704034", "811355720", "521657948", "583353966", "1109369024", "996095820", "1081264122", "548079347", "425190517", "187172071", "437994452", "1105502168", "488695395", "779206100", "1087202550", "462513383", "528273758", "31557437", "296554317", "370445718", "1056461466", "1056909882", "97429885", "928569200", "1102441166", "999478746", "285348821", "722796426", "293505325", "621565883", "410855637", "1101925639", "1106300791", "171311428", "1049460505", "314315599", "301389343", "637060145", "421356253", "829117026", "752038206", "708375018", "572586983", "496592670", "166047228", "568902673", "608767884", "923652588", "1045540544", "981657516", "617899905", "373826413", "102838073", "296694643", "573167041", "577382920", "198412349", "848101980", "239993671", "414205101", "785576839", "1086739104", "572198103", "1088005429", "952942255", "616462818", "494176446", "117771395", "926144370", "1038455407", "715531003", "1054378740", "616346008", "314783277", "1036406563", "969347304", "1069300934", "114556702", "65257989", "863613414", "385648357", "709921513", "613691254", "492345870", "383031859", "885306553", "839305723", "463240192", "343717160", "971290646", "625170318", "603761015", "383007071", "446435158", "926325050", "468604763", "608692146", "636064596", "749944009", "948837146", "555575898", "383027774", "739070292", "754217089", "953830614", "431671727", "313944864", "566071248", "597212712", "602809902", "742158698", "948119384", "498358043", "611988900", "325799352", "478366985", "635864336", "634180624", "628961798", "521109618", "949984051", "732071736", "783703476", "609486264", "1104835416", "1107610388", "838552962", "500158870", "1107413101", "968787962", "1007792474", "537409744", "794830657", "900798614", "1105660280", "989790830", "586015830", "526829163", "353082604", "547876386", "375146502", "1096422456", "574031949", "624312106", "40059553", "14631115", "17714125", "17715345", "1069716660", "336587210", "1067001960", "1066991018", "387085263", "1052038033", "424492718", "1050938210", "192229517", "18863815", "968545788", "988246568", "834624043", "209003577", "739784130", "27776098", "363972381", "73483290", "848073739", "872374136", "732258146", "346146615", "612324410", "366063185", "242914965", "8460582", "108306240", "557262485", "473469791", "254855226", "850836698", "470648409", "724991215", "792828482", "603075843", "168259579", "559742690", "136797454", "411112055", "359403798", "372891057", "279319647", "35364809", "172978365", "621319599", "112289040", "397906046", "470679185", "53732896", "461096985", "579886511", "503874686", "221799766", "114295185", "23578046", "85452649", "274929447", "393336982", "563294049", "394297339", "474128746", "555675576", "557186828", "505729548", "554704663", "232717699", "189264135", "554034406", "546777813", "552701366", "32904973", "552096311", "112457675", "485876404", "519785507", "122754028", "228496934", "232679065", "230536489", "246849480", "19225542", "54704733", "179001428", "361001998", "167714664", "174416608", "87967660", "464139666", "50794213", "461237728", "243232873", "46796396", "287880233", "56294895", "283445720", "132763325", "95498611", "45374259", "21556071", "467724735", "445194804", "91595600", "489274217", "498883737", "203270452", "355154446", "319183116", "272561314", "354981747", "261481501", "133256603", "363730161", "15618562", "164968800", "95835888", "238842211", "465176112", "232324388", "359581340", "116941920", "64322822", "342946005", "119135558", "338195737", "16289333", "29860510", "17221971", "176282168", "474842598", "385598770", "225782192", "15846407", "157435874", "173261571", "375287834", "87783521", "281679534", "105296218", "30827573", "418376433", "102872654", "20241784", "81638924", "302221809", "46576295", "176566242", "181561712", "84279963", "23345015", "30827310", "41741187", "41272427", "413487212", "22940219", "25207524", "328807775", "209708391", "105119490" ]